firstName,lastName,jobTitle,employeeUsername,password
Mayor,Spohrmann,Admin,mspohrmann0,8tc3hBcBa
Sylvia,Prandin,Flight Attendant,sprandin1,cFQfA6AvTS
Gerhardt,Himsworth,Pilot,ghimsworth2,vbdtr9Uf0ag
Ondrea,Roulston,Account Coordinator,oroulston3,syTjw5l3C
Lynne,Redler,Admin,lredler4,hwgLmUQ5iSOf
Jody,Acum,Airline baggage handler,jacum5,D4ROYdwq9FF
Raddie,Derrington,Flight Attendant,rderrington6,wlE0iLJ
Etti,covino,Human Resources Manager,ecovino7,wy1XjTB8ENcP
Alphonso,Ranaghan,Aircraft fueler,aranaghan8,ekSBiqSd0hF
Joelynn,Johnstone,Air traffic controller,jjohnstone9,9x0JWQ
Elmore,Hambelton,Flight Attendant,ehambeltona,0ksXtNJk1Ar
Bartolomeo,Allsopp,Passenger assistant,ballsoppb,Su1T0hKamF3y
Edeline,Geck,Avionics technician,egeckc,qxbFmBOATZs2
Justis,Reditt,Airport manager,jredittd,Sv3tmv
Dominik,Sorro,Recruiting Manager,dsorroe,eG21ikY
Alain,McGrann,Pilot,amcgrannf,RWy42jS6yf
Foster,Saynor,Admin,fsaynorg,J0y1XX
Chadd,Crossfeld,Airport engineer,ccrossfeldh,KuT8YIw7vkZ
Rona,Ianno,Cost Accountant,riannoi,CGFB5o6x
Matthaeus,Waye,Airport security officer,mwayej,PwLxpI
Abramo,Radwell,Tax Accountant,aradwellk,KdjTr94ufQ
Marla,Hauxley,Airport operations manager,mhauxleyl,eCowTWkpnN
Sheffield,Yakebovitch,Flight dispatcher,syakebovitchm,dfnQokppH
Melisse,Balle,Aeronautical engineer,mballen,syLA2TrhmfY
Berty,Bedrosian,Recruiting Manager,bbedrosiano,aYPRThNq84
Alwyn,Sivyour,Avionics technician,asivyourp,uR0eTEYT
Geralda,Vampouille,Admin,gvampouilleq,geJDRD
Pernell,Larham,Pilot,plarhamr,lVErqF
Tymon,Elkin,Aircraft fueler,telkins,am6sotuOj
Kirbie,Marikhin,Flight Attendant,kmarikhint,jAYraFtVYiA
Xavier,Sandilands,Research Nurse,xsandilandsu,ChPHVOx1
Thibaud,Weafer,Assistant Professor,tweaferv,uIOosTdvW
Klarika,Quarmby,Flight dispatcher,kquarmbyw,t1PdMk
Alys,Langcaster,Tax Accountant,alangcasterx,lFf4Y9DvKtn
Jaclyn,Mackinder,Admin,jmackindery,FUFaOx5BRHh2
Hilda,Kubyszek,Admin,hkubyszekz,mAH5u2
Nappy,Kingdon,Pilot,nkingdon10,NLP2sve9
Edithe,Gregolotti,Senior Quality Engineer,egregolotti11,NZb2R9iDf
Brear,Fluck,Pilot,bfluck12,WWhzNVpL
Dianemarie,Wilse,Avionics technician,dwilse13,oyAo3b0
Rana,Reck,Marketing Manager,rreck14,Rmgqzvv8js
Silvio,Yakushkin,Aircraft fueler,syakushkin15,1d34JGuIB1
Nanice,Reason,Senior Financial Analyst,nreason16,9y7VUatW
Benjie,Amar,Assistant Media Planner,bamar17,Kgs5nExP2509
Kristen,Minihan,Human Resources Manager,kminihan18,5Rmsv4DB8m
Marius,Tersay,Admin,mtersay19,jAq7bnK
Chelsae,Jursch,Avionics technician,cjursch1a,8sYPbjy
Eolanda,Enion,Avionics technician,eenion1b,tzU7xUnXq9a
Ruby,Pinnijar,Flight Attendant,rpinnijar1c,8m6VzTVwKe8
Pembroke,Rymer,Flight Attendant,prymer1d,hcBOpNt
Theadora,Bobasch,Flight Attendant,tbobasch1e,B8FBRD
Loria,Bannerman,Flight Attendant,lbannerman1f,y7EAzdPK
Ermina,Mattek,Flight Attendant,emattek1g,C1rvOCRQZNL7
Theresita,McColgan,Flight Attendant,tmccolgan1h,VloBbL7gPtK
Malchy,Todarini,Admin,mtodarini1i,JK876zJi2
Janice,Kramer,Admin,jkramer1j,WjkceWkteB
Madelin,Richfield,Admin,mrichfield1k,w2omJNmtwtYl
Natala,Loseke,Admin,nloseke1l,TOmRzWci6Eqe
Franky,Collocott,Avionics technician,fcollocott1m,u5FkkQdN
Chantalle,MacMeekan,Avionics technician,cmacmeekan1n,KniMOiA0oI
Sunny,Youdell,Aircraft fueler,syoudell1o,ondobYO
Josselyn,Tibald,Marketing Manager,jtibald1p,siiB6LNFyC
Jilleen,David,Aircraft fueler,jdavid1q,bKwpzF
Saleem,O'Doran,Pilot,sodoran1r,Jhmf2d
Ramonda,Marler,Pilot,rmarler1s,FQyh0JdC6Pig
Merrill,Habbes,Pilot,mhabbes1t,76ZWuVL
Sheelagh,Garett,Pilot,sgarett1u,ZV5GZQDg
Pavla,Pepys,Admin,ppepys1v,Jn9TVSn
Malcolm,Winger,Admin,mwinger1w,oyJuNL
Jarrid,Ream,Help Desk Technician,jream1x,3Ea5Ln
Sella,Booth,Help Desk Technician,sbooth1y,NcqRyPqbu
Carleton,Fleeman,Senior Cost Accountant,cfleeman1z,ilwlFPAuQD
Myles,Sowersby,Data Coordiator,msowersby20,PZl0YZUEtbT